Company,Email,Phone
"GIFTED CHILD CARE, LLC",,(619) 858-4305
"BEYOND BARREL ART, LLC",,(785) 408-1278
"AAA BACKFLOW PREVENTION, INC.",,
JMDL PERFORMANCE LLC,,(661) 200-3291
"ORION AWAKENING TIME, INC.",,
"HMHU MARKETING & ADVERTISING, LLC",director@natomaschamber.org,(916) 382-2718
SPIN CITY LAUNDROMAT,,(662) 342-2050
"COSTA LAKE INSTALLATIONS, INC.",,0053773966
"COLMELATI ICE CREAM, INC.",,(818) 358-3872
"LIARA HOSPICE, INC.",,(818) 384-4678
JOEYRAE,769-0036JOEYRAE@JOEYRAE.COM,(650) 769-0036
"RM WEBER PAINTING, LLC",,(866) 389-2854
"CENTREX PEST CONTROL SERVICES, INC.",centrexpests@gmail.comHoursMonday,661-230-8777
ELITE COLLISION CENTER,303-344-2212info@elitecollisionco.comOur,303-344-2212
"SWEET GARLIC COMPANY, LLC",17043info@torchbearersauces.com,
"TRC TRANSMISSIONS, LLC",,(818) 882-0082
"BAY AREA RESIDENTIAL CONSTRUCTION, INC.",,(408) 628-4878
"OVER THE TOP, INC.",epatterson@fromthetop.org.To,
"SAHARA, LLC",,
"TINTWORKS, INC.",tintworksinc@gmail.com,408-246-8468
CRAFTMAN PLUMBING INC,,205-202-3925
"TRUSTED HOME CONTRACTORS, INC.",,844-842-4663
"CONCRETE CHEMICALS OF CALIFORNIA, INC.",,800-745-3700
THE BASKET TACO,,
"TOP SCORE ENTERPRISES, INC.",,9670001802
"RUBIDOUX TIRE AND BRAKE, INC.",,(951) 241-0148
"CONTOUR MEDICAL SPA, INC.",,(480) 545-2832
"TAKASHIMA INTEGRATIVE HEALTH, INC.",,(831) 920-2211
VENETIANGLASSART.COM,info@sognidicristallo.it,3904147625
MOON TIRES & AUTO SERVICES,,(916) 335-1394
"SKY RISE, INC.",,(866) 407-6404
"HEALTH FOR ALL IN HOME CARE SERVICES, INC.",,(866) 737-2273
"OZZY'S APIZZA, LLC",,877-386-8268
THE REEL ELECTRIC COMPANY,,(951) 480-4810
"PERVANA, INC.",,
DWELLPOINT,,
"FOUR ACE ELECTRICAL SERVICES, INC.",,(916) 419-4626
"FOUR ACE ELECTRICAL SERVICES, INC.",,(916)419-4626
"LAVIEDOVE, LLC",,818-913-7980
"AFFORDABLE BUILDING SOLUTIONS, INC.",,(231) 263-8300
"ENACT SYSTEMS, INC.",customer.success@enact-systems.comPhone,714 379 7333
PROPRIOCEPTIVE SOLUTIONS: A MOVEMENT HOSPITAL & HUMAN PERFORMANCE INSTITUTE,,(858) 223-9942
"PORKY'S PIZZA MV, LLC",,(312) 814-4700
INSIDELINES GRAPHIX INC,info@myinsidelines.com,2093849500
"ASTERA.AI, INC.",,
"SLS DESIGN, LLC",todd@slsmi.com,269-343-3787
"STRIVE SOBER LIVING, LLC",cjones@livsoberliving.com,(314)-667-5255
"BEADSATBEADS, INC.",,(510) 742-5200
VICTORVILLE COUNSELING,,(888) 585-7373
"GSM FLOORING, INC.",,514-666-7526
"AFFORDABLE TREE EXPERTS, INC.",,
"BLIKIAN CHIROPRACTIC AND ACUPUNCTURE, INC.",blikianchiroandacu@gmail.com,818-244-5300
"MAREENI T. STANISLAUS, M.D., A MEDICAL, INC.",reception@stanislausobgyn.com.,(805) 434-3000
"JENKINS ROOM & BOARD, LLC",,973-533-1000
"MI CASITA VENEZUELAN CUISINE, LLC",,(818) 621-5380
"KELTIC AVIATION, INC.",,(909) 969-3198
"COMPREHENSIVE HEALTH CARE SERVICES, LLC",,800.572.8122
"VALHALLA INDOOR AXE THROWING, LLC",,217-293-2293
"WJ WELLNESS GROUP, LLC",Wjmedspa@gmail.com,(310) 204-2574
"BEATRIX PRESENTS, LLC.",,402-223-3666
"MARKETING MAVEN PUBLIC RELATIONS, INC.",info@mavenagency.com,
